question_id,question_type,evidence_phrases,gold_node_count,gold_page_count,gold_node_ids,gold_pages,mapping_notes
FIN001,表格 + 财务披露,NVIDIA 封面 Market Value | Apple 封面 Market Value | Microsoft 股票信息,6,5,T_FIN_01_NVIDIA_10K_1_1;T_FIN_01_NVIDIA_10K_1_5;T_FIN_03_Apple_10K_2_4;T_FIN_03_Apple_10K_2_1;TB_FIN_02_Microsoft_Annual_Report_6_1;TB_FIN_02_Microsoft_Annual_Report_64_1,1;2;6;64;65,"NVIDIA 封面 Market Value -> FIN_01_NVIDIA_10K:p1:T_FIN_01_NVIDIA_10K_1_1,T_FIN_01_NVIDIA_10K_1_5 || Apple 封面 Market Value -> FIN_03_Apple_10K:p2:T_FIN_03_Apple_10K_2_4,T_FIN_03_Apple_10K_2_1 || Microsoft 股票信息 -> FIN_02_Microsoft_Annual_Report:p6,64,65:TB_FIN_02_Microsoft_Annual_Report_6_1,TB_FIN_02_Microsoft_Annual_Report_64_1"
FIN002,表格 + 注册信息,三家公司 Form 10-K 首页 Securities registered,6,2,TB_FIN_01_NVIDIA_10K_1_1;C_FIN_01_NVIDIA_10K_1_1;T_FIN_02_Microsoft_Annual_Report_6_1;TB_FIN_02_Microsoft_Annual_Report_6_1;T_FIN_03_Apple_10K_1_1;T_FIN_03_Apple_10K_1_2,1;6,"三家公司 Form 10-K 首页 Securities registered -> FIN_01_NVIDIA_10K:p1:TB_FIN_01_NVIDIA_10K_1_1,C_FIN_01_NVIDIA_10K_1_1 || 三家公司 Form 10-K 首页 Securities registered -> FIN_02_Microsoft_Annual_Report:p6:T_FIN_02_Microsoft_Annual_Report_6_1,TB_FIN_02_Microsoft_Annual_Report_6_1 || 三家公司 Form 10-K 首页 Securities registered -> FIN_03_Apple_10K:p1:T_FIN_03_Apple_10K_1_1,T_FIN_03_Apple_10K_1_2"
FIN003,表格 + 财务文本,Microsoft Share Repurchase 表 | Apple Equity Securities,4,6,TB_FIN_02_Microsoft_Annual_Report_64_1;TB_FIN_02_Microsoft_Annual_Report_64_2;T_FIN_03_Apple_10K_22_1;T_FIN_03_Apple_10K_36_2,6;64;65;22;35;36,"Microsoft Share Repurchase 表 -> FIN_02_Microsoft_Annual_Report:p6,64,65:TB_FIN_02_Microsoft_Annual_Report_64_1,TB_FIN_02_Microsoft_Annual_Report_64_2 || Apple Equity Securities -> FIN_03_Apple_10K:p22,35,36:T_FIN_03_Apple_10K_22_1,T_FIN_03_Apple_10K_36_2"
FIN004,表格 + 业务结构,Apple Segments 表 | Microsoft business structure,4,7,TB_FIN_03_Apple_10K_25_1;TB_FIN_03_Apple_10K_50_2;T_FIN_02_Microsoft_Annual_Report_10_5;T_FIN_02_Microsoft_Annual_Report_11_5,25;50;10;11;12;68;71,"Apple Segments 表 -> FIN_03_Apple_10K:p25,50:TB_FIN_03_Apple_10K_25_1,TB_FIN_03_Apple_10K_50_2 || Microsoft business structure -> FIN_02_Microsoft_Annual_Report:p10,11,12,68,71:T_FIN_02_Microsoft_Annual_Report_10_5,T_FIN_02_Microsoft_Annual_Report_11_5"
FIN005,表格 + 数据指标,Microsoft AI infrastructure | NVIDIA Data Center,4,16,T_FIN_02_Microsoft_Annual_Report_25_2;T_FIN_02_Microsoft_Annual_Report_24_1;T_FIN_01_NVIDIA_10K_5_5;T_FIN_01_NVIDIA_10K_4_1,2;3;10;12;13;22;23;24;25;71;4;5;6;7;9;81,"Microsoft AI infrastructure -> FIN_02_Microsoft_Annual_Report:p2,3,10,12,13,22,23,24,25,71:T_FIN_02_Microsoft_Annual_Report_25_2,T_FIN_02_Microsoft_Annual_Report_24_1 || NVIDIA Data Center -> FIN_01_NVIDIA_10K:p4,5,6,7,9,81:T_FIN_01_NVIDIA_10K_5_5,T_FIN_01_NVIDIA_10K_4_1"
FIN006,风险说明 + 业务表格,Apple Supply of Components | NVIDIA Risk/Data Center,4,8,T_FIN_03_Apple_10K_11_5;T_FIN_03_Apple_10K_11_6;T_FIN_01_NVIDIA_10K_5_5;T_FIN_01_NVIDIA_10K_4_1,11;12;4;5;6;7;9;81,"Apple Supply of Components -> FIN_03_Apple_10K:p11,12:T_FIN_03_Apple_10K_11_5,T_FIN_03_Apple_10K_11_6 || NVIDIA Risk/Data Center -> FIN_01_NVIDIA_10K:p4,5,6,7,9,81:T_FIN_01_NVIDIA_10K_5_5,T_FIN_01_NVIDIA_10K_4_1"
FIN007,表格 + 产品结构,Apple Products/Services | Microsoft Revenue/Azure,4,15,T_FIN_03_Apple_10K_5_2;T_FIN_03_Apple_10K_5_1;TB_FIN_02_Microsoft_Annual_Report_71_1;T_FIN_02_Microsoft_Annual_Report_22_5,4;5;26;27;38;2;3;10;12;13;22;23;24;25;71,"Apple Products/Services -> FIN_03_Apple_10K:p4,5,26,27,38:T_FIN_03_Apple_10K_5_2,T_FIN_03_Apple_10K_5_1 || Microsoft Revenue/Azure -> FIN_02_Microsoft_Annual_Report:p2,3,10,12,13,22,23,24,25,71:TB_FIN_02_Microsoft_Annual_Report_71_1,T_FIN_02_Microsoft_Annual_Report_22_5"
FIN008,表格 + 产品体系,NVIDIA platform | Microsoft Copilot/Azure | Apple Products & Services,6,19,T_FIN_01_NVIDIA_10K_4_1;T_FIN_01_NVIDIA_10K_6_2;T_FIN_02_Microsoft_Annual_Report_22_5;T_FIN_02_Microsoft_Annual_Report_23_1;T_FIN_03_Apple_10K_5_1;TB_FIN_03_Apple_10K_38_1,4;5;6;7;9;81;2;3;10;12;13;22;23;24;25;71;26;27;38,"NVIDIA platform -> FIN_01_NVIDIA_10K:p4,5,6,7,9,81:T_FIN_01_NVIDIA_10K_4_1,T_FIN_01_NVIDIA_10K_6_2 || Microsoft Copilot/Azure -> FIN_02_Microsoft_Annual_Report:p2,3,10,12,13,22,23,24,25,71:T_FIN_02_Microsoft_Annual_Report_22_5,T_FIN_02_Microsoft_Annual_Report_23_1 || Apple Products & Services -> FIN_03_Apple_10K:p4,5,26,27,38:T_FIN_03_Apple_10K_5_1,TB_FIN_03_Apple_10K_38_1"
FIN009,表格 + 客户案例,NVIDIA customers | Microsoft customer examples,4,6,T_FIN_01_NVIDIA_10K_43_1;T_FIN_01_NVIDIA_10K_80_3;T_FIN_02_Microsoft_Annual_Report_18_2;T_FIN_02_Microsoft_Annual_Report_18_5,5;43;54;80;13;18,"NVIDIA customers -> FIN_01_NVIDIA_10K:p5,43,54,80:T_FIN_01_NVIDIA_10K_43_1,T_FIN_01_NVIDIA_10K_80_3 || Microsoft customer examples -> FIN_02_Microsoft_Annual_Report:p13,18:T_FIN_02_Microsoft_Annual_Report_18_2,T_FIN_02_Microsoft_Annual_Report_18_5"
FIN010,地区表格 + 全球布局,Apple Segments | Microsoft datacenter regions,4,5,TB_FIN_03_Apple_10K_50_2;TB_FIN_03_Apple_10K_50_3;T_FIN_02_Microsoft_Annual_Report_2_2;T_FIN_02_Microsoft_Annual_Report_16_1,25;50;2;16;62,"Apple Segments -> FIN_03_Apple_10K:p25,50:TB_FIN_03_Apple_10K_50_2,TB_FIN_03_Apple_10K_50_3 || Microsoft datacenter regions -> FIN_02_Microsoft_Annual_Report:p2,16,62:T_FIN_02_Microsoft_Annual_Report_2_2,T_FIN_02_Microsoft_Annual_Report_16_1"
FIN011,表格 + 产品说明,NVIDIA Data Center | Microsoft Azure/Copilot | Apple Services,6,19,T_FIN_01_NVIDIA_10K_5_5;T_FIN_01_NVIDIA_10K_4_1;T_FIN_02_Microsoft_Annual_Report_22_5;T_FIN_02_Microsoft_Annual_Report_23_1;T_FIN_03_Apple_10K_5_2;T_FIN_03_Apple_10K_5_1,4;5;6;7;9;81;2;3;10;12;13;22;23;24;25;71;26;27;38,"NVIDIA Data Center -> FIN_01_NVIDIA_10K:p4,5,6,7,9,81:T_FIN_01_NVIDIA_10K_5_5,T_FIN_01_NVIDIA_10K_4_1 || Microsoft Azure/Copilot -> FIN_02_Microsoft_Annual_Report:p2,3,10,12,13,22,23,24,25,71:T_FIN_02_Microsoft_Annual_Report_22_5,T_FIN_02_Microsoft_Annual_Report_23_1 || Apple Services -> FIN_03_Apple_10K:p4,5,26,27,38:T_FIN_03_Apple_10K_5_2,T_FIN_03_Apple_10K_5_1"
FIN012,文本 + 产品路线,NVIDIA Blackwell/Rubin | Microsoft AI innovation | Apple Products/Services,6,19,T_FIN_01_NVIDIA_10K_4_1;T_FIN_01_NVIDIA_10K_4_7;T_FIN_02_Microsoft_Annual_Report_2_1;T_FIN_02_Microsoft_Annual_Report_3_5;T_FIN_03_Apple_10K_5_2;T_FIN_03_Apple_10K_5_1,4;5;6;7;9;81;2;3;10;12;13;22;23;24;25;71;26;27;38,"NVIDIA Blackwell/Rubin -> FIN_01_NVIDIA_10K:p4,5,6,7,9,81:T_FIN_01_NVIDIA_10K_4_1,T_FIN_01_NVIDIA_10K_4_7 || Microsoft AI innovation -> FIN_02_Microsoft_Annual_Report:p2,3,10,12,13,22,23,24,25,71:T_FIN_02_Microsoft_Annual_Report_2_1,T_FIN_02_Microsoft_Annual_Report_3_5 || Apple Products/Services -> FIN_03_Apple_10K:p4,5,26,27,38:T_FIN_03_Apple_10K_5_2,T_FIN_03_Apple_10K_5_1"
FIN013,财务表格 + 文本,NVIDIA Data Center Revenue 表 | Microsoft Azure Revenue 表 | Apple Net Sales by Product/Service 表,6,11,TB_FIN_01_NVIDIA_10K_81_2;TB_FIN_01_NVIDIA_10K_81_1;TB_FIN_02_Microsoft_Annual_Report_71_1;TB_FIN_02_Microsoft_Annual_Report_71_2;TB_FIN_03_Apple_10K_38_1;TB_FIN_03_Apple_10K_26_1,81;22;23;24;25;71;4;5;26;27;38,"NVIDIA Data Center Revenue 表 -> FIN_01_NVIDIA_10K:p81:TB_FIN_01_NVIDIA_10K_81_2,TB_FIN_01_NVIDIA_10K_81_1 || Microsoft Azure Revenue 表 -> FIN_02_Microsoft_Annual_Report:p22,23,24,25,71:TB_FIN_02_Microsoft_Annual_Report_71_1,TB_FIN_02_Microsoft_Annual_Report_71_2 || Apple Net Sales by Product/Service 表 -> FIN_03_Apple_10K:p4,5,26,27,38:TB_FIN_03_Apple_10K_38_1,TB_FIN_03_Apple_10K_26_1"
FIN014,地区收入表 + 全球布局图表,Apple Net Sales by Reportable Segment | Microsoft Datacenter Regions,4,5,TB_FIN_03_Apple_10K_50_1;T_FIN_03_Apple_10K_25_1;T_FIN_02_Microsoft_Annual_Report_2_2;T_FIN_02_Microsoft_Annual_Report_16_1,25;50;2;16;62,"Apple Net Sales by Reportable Segment -> FIN_03_Apple_10K:p25,50:TB_FIN_03_Apple_10K_50_1,T_FIN_03_Apple_10K_25_1 || Microsoft Datacenter Regions -> FIN_02_Microsoft_Annual_Report:p2,16,62:T_FIN_02_Microsoft_Annual_Report_2_2,T_FIN_02_Microsoft_Annual_Report_16_1"
FIN015,财务表格 + 指标数据,NVIDIA Segment Revenue 表 | Microsoft Azure/AI metrics 表,4,13,TB_FIN_01_NVIDIA_10K_81_2;C_FIN_01_NVIDIA_10K_80_1;T_FIN_02_Microsoft_Annual_Report_22_2;T_FIN_02_Microsoft_Annual_Report_22_1,79;80;81;2;3;10;12;13;22;23;24;25;71,"NVIDIA Segment Revenue 表 -> FIN_01_NVIDIA_10K:p79,80,81:TB_FIN_01_NVIDIA_10K_81_2,C_FIN_01_NVIDIA_10K_80_1 || Microsoft Azure/AI metrics 表 -> FIN_02_Microsoft_Annual_Report:p2,3,10,12,13,22,23,24,25,71:T_FIN_02_Microsoft_Annual_Report_22_2,T_FIN_02_Microsoft_Annual_Report_22_1"
FIN016,分部表格 + 业务说明,NVIDIA Segment 表 | Apple Segment 表 | Microsoft Business Segment 表,6,10,C_FIN_01_NVIDIA_10K_80_1;C_FIN_01_NVIDIA_10K_81_1;TB_FIN_03_Apple_10K_25_1;TB_FIN_03_Apple_10K_50_2;TB_FIN_02_Microsoft_Annual_Report_71_1;T_FIN_02_Microsoft_Annual_Report_11_1,79;80;81;25;50;10;11;12;68;71,"NVIDIA Segment 表 -> FIN_01_NVIDIA_10K:p79,80,81:C_FIN_01_NVIDIA_10K_80_1,C_FIN_01_NVIDIA_10K_81_1 || Apple Segment 表 -> FIN_03_Apple_10K:p25,50:TB_FIN_03_Apple_10K_25_1,TB_FIN_03_Apple_10K_50_2 || Microsoft Business Segment 表 -> FIN_02_Microsoft_Annual_Report:p10,11,12,68,71:TB_FIN_02_Microsoft_Annual_Report_71_1,T_FIN_02_Microsoft_Annual_Report_11_1"
FIN017,产品收入表 + 分部收入表,Apple Product Revenue 表 | NVIDIA Segment Revenue 表,4,8,TB_FIN_03_Apple_10K_4_1;TB_FIN_03_Apple_10K_27_2;TB_FIN_01_NVIDIA_10K_81_2;C_FIN_01_NVIDIA_10K_80_1,4;5;26;27;38;79;80;81,"Apple Product Revenue 表 -> FIN_03_Apple_10K:p4,5,26,27,38:TB_FIN_03_Apple_10K_4_1,TB_FIN_03_Apple_10K_27_2 || NVIDIA Segment Revenue 表 -> FIN_01_NVIDIA_10K:p79,80,81:TB_FIN_01_NVIDIA_10K_81_2,C_FIN_01_NVIDIA_10K_80_1"
FIN018,回购表 + 现金流表,Microsoft Share Repurchase 表 | Apple Capital Return/Cash Flow 表,4,6,TB_FIN_02_Microsoft_Annual_Report_64_1;TB_FIN_02_Microsoft_Annual_Report_64_2;TB_FIN_03_Apple_10K_35_1;TB_FIN_03_Apple_10K_36_1,6;64;65;22;35;36,"Microsoft Share Repurchase 表 -> FIN_02_Microsoft_Annual_Report:p6,64,65:TB_FIN_02_Microsoft_Annual_Report_64_1,TB_FIN_02_Microsoft_Annual_Report_64_2 || Apple Capital Return/Cash Flow 表 -> FIN_03_Apple_10K:p22,35,36:TB_FIN_03_Apple_10K_35_1,TB_FIN_03_Apple_10K_36_1"
FIN019,风险表格 + 文本,Apple Supply Components | NVIDIA Risk Factors,4,8,T_FIN_03_Apple_10K_11_9;T_FIN_03_Apple_10K_12_9;T_FIN_01_NVIDIA_10K_38_1;TB_FIN_01_NVIDIA_10K_20_1,11;12;16;20;23;28;36;38,"Apple Supply Components -> FIN_03_Apple_10K:p11,12:T_FIN_03_Apple_10K_11_9,T_FIN_03_Apple_10K_12_9 || NVIDIA Risk Factors -> FIN_01_NVIDIA_10K:p16,20,23,28,36,38:T_FIN_01_NVIDIA_10K_38_1,TB_FIN_01_NVIDIA_10K_20_1"
FIN020,产品分类表 + 平台说明,Microsoft AI Products | NVIDIA Platform Stack | Apple Services 表,6,19,T_FIN_02_Microsoft_Annual_Report_12_5;T_FIN_02_Microsoft_Annual_Report_25_1;T_FIN_01_NVIDIA_10K_4_1;T_FIN_01_NVIDIA_10K_4_7;TB_FIN_03_Apple_10K_27_2;TB_FIN_03_Apple_10K_4_1,2;3;10;12;13;22;23;24;25;71;4;5;6;7;9;81;26;27;38,"Microsoft AI Products -> FIN_02_Microsoft_Annual_Report:p2,3,10,12,13,22,23,24,25,71:T_FIN_02_Microsoft_Annual_Report_12_5,T_FIN_02_Microsoft_Annual_Report_25_1 || NVIDIA Platform Stack -> FIN_01_NVIDIA_10K:p4,5,6,7,9,81:T_FIN_01_NVIDIA_10K_4_1,T_FIN_01_NVIDIA_10K_4_7 || Apple Services 表 -> FIN_03_Apple_10K:p4,5,26,27,38:TB_FIN_03_Apple_10K_27_2,TB_FIN_03_Apple_10K_4_1"
FIN021,收入表格 + 业务分析,Apple Services Revenue 表 | Microsoft Cloud Revenue 表,4,10,TB_FIN_03_Apple_10K_27_2;TB_FIN_03_Apple_10K_4_1;TB_FIN_02_Microsoft_Annual_Report_71_1;TB_FIN_02_Microsoft_Annual_Report_71_2,4;5;26;27;38;22;23;24;25;71,"Apple Services Revenue 表 -> FIN_03_Apple_10K:p4,5,26,27,38:TB_FIN_03_Apple_10K_27_2,TB_FIN_03_Apple_10K_4_1 || Microsoft Cloud Revenue 表 -> FIN_02_Microsoft_Annual_Report:p22,23,24,25,71:TB_FIN_02_Microsoft_Annual_Report_71_1,TB_FIN_02_Microsoft_Annual_Report_71_2"
FIN022,业务结构表 + 产品表,NVIDIA Segment | Microsoft AI Platform | Apple Products & Services,6,18,TB_FIN_01_NVIDIA_10K_80_1;T_FIN_01_NVIDIA_10K_80_3;T_FIN_02_Microsoft_Annual_Report_13_4;T_FIN_02_Microsoft_Annual_Report_2_3;T_FIN_03_Apple_10K_5_1;TB_FIN_03_Apple_10K_38_1,79;80;81;2;3;10;12;13;22;23;24;25;71;4;5;26;27;38,"NVIDIA Segment -> FIN_01_NVIDIA_10K:p79,80,81:TB_FIN_01_NVIDIA_10K_80_1,T_FIN_01_NVIDIA_10K_80_3 || Microsoft AI Platform -> FIN_02_Microsoft_Annual_Report:p2,3,10,12,13,22,23,24,25,71:T_FIN_02_Microsoft_Annual_Report_13_4,T_FIN_02_Microsoft_Annual_Report_2_3 || Apple Products & Services -> FIN_03_Apple_10K:p4,5,26,27,38:T_FIN_03_Apple_10K_5_1,TB_FIN_03_Apple_10K_38_1"
FIN023,地区收入表 + 子公司表,Apple Segment Revenue | Tesla Subsidiaries 表,4,5,TB_FIN_03_Apple_10K_50_2;TB_FIN_03_Apple_10K_50_3;T_FIN_04_Tesla_10K_55_2;T_FIN_04_Tesla_10K_65_2,25;50;55;65;110,"Apple Segment Revenue -> FIN_03_Apple_10K:p25,50:TB_FIN_03_Apple_10K_50_2,TB_FIN_03_Apple_10K_50_3 || Tesla Subsidiaries 表 -> FIN_04_Tesla_10K:p55,65,110:T_FIN_04_Tesla_10K_55_2,T_FIN_04_Tesla_10K_65_2"
FIN024,财务表格 + 用户指标,NVIDIA Revenue 表 | Microsoft Azure/Copilot 数据,4,14,TB_FIN_01_NVIDIA_10K_81_2;C_FIN_01_NVIDIA_10K_81_1;TB_FIN_02_Microsoft_Annual_Report_71_1;TB_FIN_02_Microsoft_Annual_Report_71_2,53;55;57;81;2;3;10;12;13;22;23;24;25;71,"NVIDIA Revenue 表 -> FIN_01_NVIDIA_10K:p53,55,57,81:TB_FIN_01_NVIDIA_10K_81_2,C_FIN_01_NVIDIA_10K_81_1 || Microsoft Azure/Copilot 数据 -> FIN_02_Microsoft_Annual_Report:p2,3,10,12,13,22,23,24,25,71:TB_FIN_02_Microsoft_Annual_Report_71_1,TB_FIN_02_Microsoft_Annual_Report_71_2"
FIN025,分部收入表 + 产品收入表,NVIDIA Segment Revenue 表 | Apple Net Sales by Product 表,4,8,TB_FIN_01_NVIDIA_10K_81_2;C_FIN_01_NVIDIA_10K_80_1;TB_FIN_03_Apple_10K_38_1;TB_FIN_03_Apple_10K_26_1,79;80;81;4;5;26;27;38,"NVIDIA Segment Revenue 表 -> FIN_01_NVIDIA_10K:p79,80,81:TB_FIN_01_NVIDIA_10K_81_2,C_FIN_01_NVIDIA_10K_80_1 || Apple Net Sales by Product 表 -> FIN_03_Apple_10K:p4,5,26,27,38:TB_FIN_03_Apple_10K_38_1,TB_FIN_03_Apple_10K_26_1"
FIN026,收入表格 + 部门结构表,Apple Services Revenue 表 | Microsoft Segment Revenue 表,4,10,TB_FIN_03_Apple_10K_27_2;TB_FIN_03_Apple_10K_4_1;TB_FIN_02_Microsoft_Annual_Report_71_1;TB_FIN_02_Microsoft_Annual_Report_71_2,4;5;26;27;38;22;23;24;25;71,"Apple Services Revenue 表 -> FIN_03_Apple_10K:p4,5,26,27,38:TB_FIN_03_Apple_10K_27_2,TB_FIN_03_Apple_10K_4_1 || Microsoft Segment Revenue 表 -> FIN_02_Microsoft_Annual_Report:p22,23,24,25,71:TB_FIN_02_Microsoft_Annual_Report_71_1,TB_FIN_02_Microsoft_Annual_Report_71_2"
FIN027,财务表格,NVIDIA Data Center Revenue 表 | Microsoft Intelligent Cloud Revenue 表,4,6,TB_FIN_01_NVIDIA_10K_81_2;TB_FIN_01_NVIDIA_10K_81_1;TB_FIN_02_Microsoft_Annual_Report_71_1;T_FIN_02_Microsoft_Annual_Report_22_4,81;22;23;24;25;71,"NVIDIA Data Center Revenue 表 -> FIN_01_NVIDIA_10K:p81:TB_FIN_01_NVIDIA_10K_81_2,TB_FIN_01_NVIDIA_10K_81_1 || Microsoft Intelligent Cloud Revenue 表 -> FIN_02_Microsoft_Annual_Report:p22,23,24,25,71:TB_FIN_02_Microsoft_Annual_Report_71_1,T_FIN_02_Microsoft_Annual_Report_22_4"
FIN028,地区收入表 + 区域布局表,Apple Reportable Segment 表 | Microsoft Datacenter Regions 表,4,5,TB_FIN_03_Apple_10K_50_1;TB_FIN_03_Apple_10K_25_1;TB_FIN_02_Microsoft_Annual_Report_62_1;T_FIN_02_Microsoft_Annual_Report_2_2,25;50;2;16;62,"Apple Reportable Segment 表 -> FIN_03_Apple_10K:p25,50:TB_FIN_03_Apple_10K_50_1,TB_FIN_03_Apple_10K_25_1 || Microsoft Datacenter Regions 表 -> FIN_02_Microsoft_Annual_Report:p2,16,62:TB_FIN_02_Microsoft_Annual_Report_62_1,T_FIN_02_Microsoft_Annual_Report_2_2"
FIN029,分部收入表 + 产品收入表,NVIDIA Segment 表 | Microsoft Segment Revenue | Apple Product & Services Revenue,6,13,C_FIN_01_NVIDIA_10K_80_1;C_FIN_01_NVIDIA_10K_81_1;T_FIN_02_Microsoft_Annual_Report_22_4;T_FIN_02_Microsoft_Annual_Report_71_1;TB_FIN_03_Apple_10K_38_1;TB_FIN_03_Apple_10K_5_1,79;80;81;22;23;24;25;71;4;5;26;27;38,"NVIDIA Segment 表 -> FIN_01_NVIDIA_10K:p79,80,81:C_FIN_01_NVIDIA_10K_80_1,C_FIN_01_NVIDIA_10K_81_1 || Microsoft Segment Revenue -> FIN_02_Microsoft_Annual_Report:p22,23,24,25,71:T_FIN_02_Microsoft_Annual_Report_22_4,T_FIN_02_Microsoft_Annual_Report_71_1 || Apple Product & Services Revenue -> FIN_03_Apple_10K:p4,5,26,27,38:TB_FIN_03_Apple_10K_38_1,TB_FIN_03_Apple_10K_5_1"
FIN030,产品表格 + 分部表格,Apple Product Revenue 表 | NVIDIA Segment 表,4,8,TB_FIN_03_Apple_10K_4_1;TB_FIN_03_Apple_10K_27_2;C_FIN_01_NVIDIA_10K_80_1;C_FIN_01_NVIDIA_10K_81_1,4;5;26;27;38;79;80;81,"Apple Product Revenue 表 -> FIN_03_Apple_10K:p4,5,26,27,38:TB_FIN_03_Apple_10K_4_1,TB_FIN_03_Apple_10K_27_2 || NVIDIA Segment 表 -> FIN_01_NVIDIA_10K:p79,80,81:C_FIN_01_NVIDIA_10K_80_1,C_FIN_01_NVIDIA_10K_81_1"
FIN031,回购表 + 现金流表,Microsoft Share Repurchase 表 | Apple Capital Return/Cash Flow 表,4,6,TB_FIN_02_Microsoft_Annual_Report_64_1;TB_FIN_02_Microsoft_Annual_Report_64_2;TB_FIN_03_Apple_10K_35_1;TB_FIN_03_Apple_10K_36_1,6;64;65;22;35;36,"Microsoft Share Repurchase 表 -> FIN_02_Microsoft_Annual_Report:p6,64,65:TB_FIN_02_Microsoft_Annual_Report_64_1,TB_FIN_02_Microsoft_Annual_Report_64_2 || Apple Capital Return/Cash Flow 表 -> FIN_03_Apple_10K:p22,35,36:TB_FIN_03_Apple_10K_35_1,TB_FIN_03_Apple_10K_36_1"
FIN032,分部收入表 + 云业务表,NVIDIA Data Center Revenue | Microsoft Intelligent Cloud Revenue,4,6,TB_FIN_01_NVIDIA_10K_81_2;TB_FIN_01_NVIDIA_10K_81_3;T_FIN_02_Microsoft_Annual_Report_22_4;T_FIN_02_Microsoft_Annual_Report_23_1,81;22;23;24;25;71,"NVIDIA Data Center Revenue -> FIN_01_NVIDIA_10K:p81:TB_FIN_01_NVIDIA_10K_81_2,TB_FIN_01_NVIDIA_10K_81_3 || Microsoft Intelligent Cloud Revenue -> FIN_02_Microsoft_Annual_Report:p22,23,24,25,71:T_FIN_02_Microsoft_Annual_Report_22_4,T_FIN_02_Microsoft_Annual_Report_23_1"
FIN033,服务收入表 + 云收入表,Apple Services Revenue | Microsoft Cloud Revenue 表,4,10,TB_FIN_03_Apple_10K_38_1;TB_FIN_03_Apple_10K_26_1;TB_FIN_02_Microsoft_Annual_Report_71_1;TB_FIN_02_Microsoft_Annual_Report_71_2,4;5;26;27;38;22;23;24;25;71,"Apple Services Revenue -> FIN_03_Apple_10K:p4,5,26,27,38:TB_FIN_03_Apple_10K_38_1,TB_FIN_03_Apple_10K_26_1 || Microsoft Cloud Revenue 表 -> FIN_02_Microsoft_Annual_Report:p22,23,24,25,71:TB_FIN_02_Microsoft_Annual_Report_71_1,TB_FIN_02_Microsoft_Annual_Report_71_2"
FIN034,收入表格 + 产品结构表,NVIDIA Segment Revenue | Apple Product Revenue,4,8,T_FIN_01_NVIDIA_10K_80_3;T_FIN_01_NVIDIA_10K_79_3;TB_FIN_03_Apple_10K_38_1;TB_FIN_03_Apple_10K_4_1,79;80;81;4;5;26;27;38,"NVIDIA Segment Revenue -> FIN_01_NVIDIA_10K:p79,80,81:T_FIN_01_NVIDIA_10K_80_3,T_FIN_01_NVIDIA_10K_79_3 || Apple Product Revenue -> FIN_03_Apple_10K:p4,5,26,27,38:TB_FIN_03_Apple_10K_38_1,TB_FIN_03_Apple_10K_4_1"
FIN035,财务表格 + 业务指标,NVIDIA AI/Data Center 表 | Microsoft Azure/Copilot 指标表,4,16,TB_FIN_01_NVIDIA_10K_7_1;C_FIN_01_NVIDIA_10K_81_1;TB_FIN_02_Microsoft_Annual_Report_71_1;TB_FIN_02_Microsoft_Annual_Report_71_2,4;5;6;7;9;81;2;3;10;12;13;22;23;24;25;71,"NVIDIA AI/Data Center 表 -> FIN_01_NVIDIA_10K:p4,5,6,7,9,81:TB_FIN_01_NVIDIA_10K_7_1,C_FIN_01_NVIDIA_10K_81_1 || Microsoft Azure/Copilot 指标表 -> FIN_02_Microsoft_Annual_Report:p2,3,10,12,13,22,23,24,25,71:TB_FIN_02_Microsoft_Annual_Report_71_1,TB_FIN_02_Microsoft_Annual_Report_71_2"
FIN036,分部表格 + 收入结构表,NVIDIA Segment 表 | Apple Product Revenue | Microsoft Segment Revenue,6,13,C_FIN_01_NVIDIA_10K_80_1;C_FIN_01_NVIDIA_10K_81_1;TB_FIN_03_Apple_10K_38_1;TB_FIN_03_Apple_10K_4_1;T_FIN_02_Microsoft_Annual_Report_22_4;T_FIN_02_Microsoft_Annual_Report_71_1,79;80;81;4;5;26;27;38;22;23;24;25;71,"NVIDIA Segment 表 -> FIN_01_NVIDIA_10K:p79,80,81:C_FIN_01_NVIDIA_10K_80_1,C_FIN_01_NVIDIA_10K_81_1 || Apple Product Revenue -> FIN_03_Apple_10K:p4,5,26,27,38:TB_FIN_03_Apple_10K_38_1,TB_FIN_03_Apple_10K_4_1 || Microsoft Segment Revenue -> FIN_02_Microsoft_Annual_Report:p22,23,24,25,71:T_FIN_02_Microsoft_Annual_Report_22_4,T_FIN_02_Microsoft_Annual_Report_71_1"
FIN037,财务附注表格,Apple Deferred Revenue Note | Microsoft Unearned Revenue 表,4,7,TB_FIN_03_Apple_10K_38_1;T_FIN_03_Apple_10K_39_1;T_FIN_02_Microsoft_Annual_Report_22_4;T_FIN_02_Microsoft_Annual_Report_22_5,34;38;39;22;29;37;42,"Apple Deferred Revenue Note -> FIN_03_Apple_10K:p34,38,39:TB_FIN_03_Apple_10K_38_1,T_FIN_03_Apple_10K_39_1 || Microsoft Unearned Revenue 表 -> FIN_02_Microsoft_Annual_Report:p22,29,37,42:T_FIN_02_Microsoft_Annual_Report_22_4,T_FIN_02_Microsoft_Annual_Report_22_5"
FIN038,股权激励表格,NVIDIA Stock Compensation Note | Apple Share-Based Compensation | Microsoft Stock Awards 表,6,8,T_FIN_01_NVIDIA_10K_63_2;TB_FIN_01_NVIDIA_10K_64_1;T_FIN_03_Apple_10K_37_3;TB_FIN_03_Apple_10K_48_1;TB_FIN_02_Microsoft_Annual_Report_66_3;TB_FIN_02_Microsoft_Annual_Report_67_1,63;64;37;47;48;44;66;67,"NVIDIA Stock Compensation Note -> FIN_01_NVIDIA_10K:p63,64:T_FIN_01_NVIDIA_10K_63_2,TB_FIN_01_NVIDIA_10K_64_1 || Apple Share-Based Compensation -> FIN_03_Apple_10K:p37,47,48:T_FIN_03_Apple_10K_37_3,TB_FIN_03_Apple_10K_48_1 || Microsoft Stock Awards 表 -> FIN_02_Microsoft_Annual_Report:p44,66,67:TB_FIN_02_Microsoft_Annual_Report_66_3,TB_FIN_02_Microsoft_Annual_Report_67_1"
FIN039,长期债务表,Apple Debt Note | Microsoft Long-term Debt 表,4,3,TB_FIN_03_Apple_10K_46_2;TB_FIN_03_Apple_10K_28_2;TB_FIN_02_Microsoft_Annual_Report_58_2;T_FIN_02_Microsoft_Annual_Report_58_1,28;46;58,"Apple Debt Note -> FIN_03_Apple_10K:p28,46:TB_FIN_03_Apple_10K_46_2,TB_FIN_03_Apple_10K_28_2 || Microsoft Long-term Debt 表 -> FIN_02_Microsoft_Annual_Report:p58:TB_FIN_02_Microsoft_Annual_Report_58_2,T_FIN_02_Microsoft_Annual_Report_58_1"
FIN040,存货附注表,NVIDIA Inventory Note | Apple Inventory Table,4,7,TB_FIN_01_NVIDIA_10K_69_1;T_FIN_01_NVIDIA_10K_40_2;TB_FIN_03_Apple_10K_36_1;TB_FIN_03_Apple_10K_36_2,40;52;61;69;12;34;36,"NVIDIA Inventory Note -> FIN_01_NVIDIA_10K:p40,52,61,69:TB_FIN_01_NVIDIA_10K_69_1,T_FIN_01_NVIDIA_10K_40_2 || Apple Inventory Table -> FIN_03_Apple_10K:p12,34,36:TB_FIN_03_Apple_10K_36_1,TB_FIN_03_Apple_10K_36_2"
FIN041,客户集中度表,NVIDIA Customer Concentration | Microsoft Revenue Concentration Note,4,10,T_FIN_01_NVIDIA_10K_43_1;T_FIN_01_NVIDIA_10K_80_3;T_FIN_02_Microsoft_Annual_Report_22_1;TB_FIN_02_Microsoft_Annual_Report_71_1,5;43;54;80;10;22;23;24;25;71,"NVIDIA Customer Concentration -> FIN_01_NVIDIA_10K:p5,43,54,80:T_FIN_01_NVIDIA_10K_43_1,T_FIN_01_NVIDIA_10K_80_3 || Microsoft Revenue Concentration Note -> FIN_02_Microsoft_Annual_Report:p10,22,23,24,25,71:T_FIN_02_Microsoft_Annual_Report_22_1,TB_FIN_02_Microsoft_Annual_Report_71_1"
FIN042,现金与投资表,Apple Cash & Marketable Securities | Microsoft Cash Equivalents | NVIDIA Cash Table,6,7,T_FIN_03_Apple_10K_34_1;TB_FIN_03_Apple_10K_40_1;T_FIN_02_Microsoft_Annual_Report_38_2;T_FIN_02_Microsoft_Annual_Report_37_2;T_FIN_01_NVIDIA_10K_57_1;T_FIN_01_NVIDIA_10K_55_1,34;39;40;37;38;55;57,"Apple Cash & Marketable Securities -> FIN_03_Apple_10K:p34,39,40:T_FIN_03_Apple_10K_34_1,TB_FIN_03_Apple_10K_40_1 || Microsoft Cash Equivalents -> FIN_02_Microsoft_Annual_Report:p37,38:T_FIN_02_Microsoft_Annual_Report_38_2,T_FIN_02_Microsoft_Annual_Report_37_2 || NVIDIA Cash Table -> FIN_01_NVIDIA_10K:p55,57:T_FIN_01_NVIDIA_10K_57_1,T_FIN_01_NVIDIA_10K_55_1"
FIN043,所得税附注表,Apple Income Taxes Note | Microsoft Income Tax Table,4,6,TB_FIN_03_Apple_10K_28_1;TB_FIN_03_Apple_10K_43_2;TB_FIN_02_Microsoft_Annual_Report_59_2;TB_FIN_02_Microsoft_Annual_Report_61_1,28;43;44;59;60;61,"Apple Income Taxes Note -> FIN_03_Apple_10K:p28,43,44:TB_FIN_03_Apple_10K_28_1,TB_FIN_03_Apple_10K_43_2 || Microsoft Income Tax Table -> FIN_02_Microsoft_Annual_Report:p59,60,61:TB_FIN_02_Microsoft_Annual_Report_59_2,TB_FIN_02_Microsoft_Annual_Report_61_1"
FIN044,现金流附注 + CAPEX 表,NVIDIA Property & Equipment | Microsoft Capital Expenditure 表,4,7,T_FIN_01_NVIDIA_10K_69_4;TB_FIN_01_NVIDIA_10K_57_3;TB_FIN_02_Microsoft_Annual_Report_62_1;T_FIN_02_Microsoft_Annual_Report_30_5,46;57;69;72;30;54;62,"NVIDIA Property & Equipment -> FIN_01_NVIDIA_10K:p46,57,69,72:T_FIN_01_NVIDIA_10K_69_4,TB_FIN_01_NVIDIA_10K_57_3 || Microsoft Capital Expenditure 表 -> FIN_02_Microsoft_Annual_Report:p30,54,62:TB_FIN_02_Microsoft_Annual_Report_62_1,T_FIN_02_Microsoft_Annual_Report_30_5"
FIN045,现金流量表,Apple Cash Flow Statement | Microsoft Cash Flow Table,4,2,TB_FIN_03_Apple_10K_36_1;TB_FIN_03_Apple_10K_36_2;TB_FIN_02_Microsoft_Annual_Report_38_1;TB_FIN_02_Microsoft_Annual_Report_38_2,36;38,"Apple Cash Flow Statement -> FIN_03_Apple_10K:p36:TB_FIN_03_Apple_10K_36_1,TB_FIN_03_Apple_10K_36_2 || Microsoft Cash Flow Table -> FIN_02_Microsoft_Annual_Report:p38:TB_FIN_02_Microsoft_Annual_Report_38_1,TB_FIN_02_Microsoft_Annual_Report_38_2"
FIN046,研发费用表,NVIDIA R&D Table | Microsoft R&D Expense | Apple Research & Development 表,6,10,TB_FIN_01_NVIDIA_10K_63_1;C_FIN_01_NVIDIA_10K_63_1;T_FIN_02_Microsoft_Annual_Report_26_3;T_FIN_02_Microsoft_Annual_Report_26_1;TB_FIN_03_Apple_10K_50_2;TB_FIN_03_Apple_10K_25_1,43;46;53;63;26;4;5;25;38;50,"NVIDIA R&D Table -> FIN_01_NVIDIA_10K:p43,46,53,63:TB_FIN_01_NVIDIA_10K_63_1,C_FIN_01_NVIDIA_10K_63_1 || Microsoft R&D Expense -> FIN_02_Microsoft_Annual_Report:p26,43:T_FIN_02_Microsoft_Annual_Report_26_3,T_FIN_02_Microsoft_Annual_Report_26_1 || Apple Research & Development 表 -> FIN_03_Apple_10K:p4,5,25,26,38,50:TB_FIN_03_Apple_10K_50_2,TB_FIN_03_Apple_10K_25_1"
FIN047,风险附注表,Apple Supplier Risk | NVIDIA Supply Chain Risk,4,11,T_FIN_03_Apple_10K_4_1;T_FIN_03_Apple_10K_38_1;T_FIN_01_NVIDIA_10K_16_2;T_FIN_01_NVIDIA_10K_28_1,4;5;25;26;38;50;16;20;23;28;36,"Apple Supplier Risk -> FIN_03_Apple_10K:p4,5,25,26,38,50:T_FIN_03_Apple_10K_4_1,T_FIN_03_Apple_10K_38_1 || NVIDIA Supply Chain Risk -> FIN_01_NVIDIA_10K:p16,20,23,28,36,38:T_FIN_01_NVIDIA_10K_16_2,T_FIN_01_NVIDIA_10K_28_1"
FIN048,商誉附注表,Microsoft Goodwill Table | Apple Intangible Assets Note,4,3,TB_FIN_02_Microsoft_Annual_Report_56_1;T_FIN_02_Microsoft_Annual_Report_56_1;T_FIN_03_Apple_10K_34_1;T_FIN_03_Apple_10K_15_7,56;15;34,"Microsoft Goodwill Table -> FIN_02_Microsoft_Annual_Report:p56:TB_FIN_02_Microsoft_Annual_Report_56_1,T_FIN_02_Microsoft_Annual_Report_56_1 || Apple Intangible Assets Note -> FIN_03_Apple_10K:p15,34:T_FIN_03_Apple_10K_34_1,T_FIN_03_Apple_10K_15_7"
FIN049,收入分部表,Tesla Revenue by Segment 表 | NVIDIA Segment Revenue 表,4,8,TB_FIN_04_Tesla_10K_59_1;TB_FIN_04_Tesla_10K_66_1;TB_FIN_01_NVIDIA_10K_81_2;C_FIN_01_NVIDIA_10K_80_1,44;46;59;66;110;79;80;81,"Tesla Revenue by Segment 表 -> FIN_04_Tesla_10K:p44,46,59,66,110:TB_FIN_04_Tesla_10K_59_1,TB_FIN_04_Tesla_10K_66_1 || NVIDIA Segment Revenue 表 -> FIN_01_NVIDIA_10K:p79,80,81:TB_FIN_01_NVIDIA_10K_81_2,C_FIN_01_NVIDIA_10K_80_1"
FIN050,业务收入表 + 基础设施数据,Tesla Energy Generation and Storage 表 | Microsoft Datacenter/Cloud 表,4,10,TB_FIN_04_Tesla_10K_66_1;T_FIN_04_Tesla_10K_7_2;TB_FIN_02_Microsoft_Annual_Report_62_1;T_FIN_02_Microsoft_Annual_Report_2_3,6;7;44;47;66;70;110;2;16;62,"Tesla Energy Generation and Storage 表 -> FIN_04_Tesla_10K:p6,7,44,47,66,70,110:TB_FIN_04_Tesla_10K_66_1,T_FIN_04_Tesla_10K_7_2 || Microsoft Datacenter/Cloud 表 -> FIN_02_Microsoft_Annual_Report:p2,16,62:TB_FIN_02_Microsoft_Annual_Report_62_1,T_FIN_02_Microsoft_Annual_Report_2_3"
FIN051,存货附注表,Tesla Inventory Note | Apple Inventory Table,4,7,T_FIN_04_Tesla_10K_58_1;T_FIN_04_Tesla_10K_84_1;TB_FIN_03_Apple_10K_36_1;TB_FIN_03_Apple_10K_36_2,42;58;75;84;12;34;36,"Tesla Inventory Note -> FIN_04_Tesla_10K:p42,58,75,84:T_FIN_04_Tesla_10K_58_1,T_FIN_04_Tesla_10K_84_1 || Apple Inventory Table -> FIN_03_Apple_10K:p12,34,36:TB_FIN_03_Apple_10K_36_1,TB_FIN_03_Apple_10K_36_2"
FIN052,资本支出表,Tesla Property and Equipment 表 | NVIDIA Capital Expenditure Note,4,9,TB_FIN_04_Tesla_10K_64_1;TB_FIN_04_Tesla_10K_51_1;T_FIN_01_NVIDIA_10K_46_3;TB_FIN_01_NVIDIA_10K_69_1,40;51;64;76;84;46;57;69;72,"Tesla Property and Equipment 表 -> FIN_04_Tesla_10K:p40,51,64,76,84:TB_FIN_04_Tesla_10K_64_1,TB_FIN_04_Tesla_10K_51_1 || NVIDIA Capital Expenditure Note -> FIN_01_NVIDIA_10K:p46,57,69,72:T_FIN_01_NVIDIA_10K_46_3,TB_FIN_01_NVIDIA_10K_69_1"
FIN053,递延收入表,Tesla Deferred Revenue Note | Microsoft Unearned Revenue 表,4,8,T_FIN_04_Tesla_10K_64_1;T_FIN_04_Tesla_10K_58_3;T_FIN_02_Microsoft_Annual_Report_22_4;T_FIN_02_Microsoft_Annual_Report_22_5,58;64;67;69;22;29;37;42,"Tesla Deferred Revenue Note -> FIN_04_Tesla_10K:p58,64,67,69:T_FIN_04_Tesla_10K_64_1,T_FIN_04_Tesla_10K_58_3 || Microsoft Unearned Revenue 表 -> FIN_02_Microsoft_Annual_Report:p22,29,37,42:T_FIN_02_Microsoft_Annual_Report_22_4,T_FIN_02_Microsoft_Annual_Report_22_5"
FIN054,地区收入表,Tesla Geographic Revenue 表 | Apple Reportable Segment Revenue 表,4,3,TB_FIN_04_Tesla_10K_110_2;TB_FIN_04_Tesla_10K_110_1;TB_FIN_03_Apple_10K_50_1;TB_FIN_03_Apple_10K_25_1,110;25;50,"Tesla Geographic Revenue 表 -> FIN_04_Tesla_10K:p110:TB_FIN_04_Tesla_10K_110_2,TB_FIN_04_Tesla_10K_110_1 || Apple Reportable Segment Revenue 表 -> FIN_03_Apple_10K:p25,50:TB_FIN_03_Apple_10K_50_1,TB_FIN_03_Apple_10K_25_1"
FIN055,研发费用表,Tesla R&D Expense 表 | NVIDIA R&D Table,4,8,TB_FIN_04_Tesla_10K_59_1;T_FIN_04_Tesla_10K_59_1;TB_FIN_01_NVIDIA_10K_63_1;C_FIN_01_NVIDIA_10K_63_1,47;59;70;97;43;46;53;63,"Tesla R&D Expense 表 -> FIN_04_Tesla_10K:p47,59,70,97:TB_FIN_04_Tesla_10K_59_1,T_FIN_04_Tesla_10K_59_1 || NVIDIA R&D Table -> FIN_01_NVIDIA_10K:p43,46,53,63:TB_FIN_01_NVIDIA_10K_63_1,C_FIN_01_NVIDIA_10K_63_1"
FIN056,固定资产表,"Tesla Property, Plant and Equipment 表 | Microsoft Property and Equipment 表",4,8,TB_FIN_04_Tesla_10K_64_1;T_FIN_04_Tesla_10K_76_4;TB_FIN_02_Microsoft_Annual_Report_62_1;T_FIN_02_Microsoft_Annual_Report_30_5,40;51;64;76;84;30;54;62,"Tesla Property, Plant and Equipment 表 -> FIN_04_Tesla_10K:p40,51,64,76,84:TB_FIN_04_Tesla_10K_64_1,T_FIN_04_Tesla_10K_76_4 || Microsoft Property and Equipment 表 -> FIN_02_Microsoft_Annual_Report:p30,54,62:TB_FIN_02_Microsoft_Annual_Report_62_1,T_FIN_02_Microsoft_Annual_Report_30_5"
FIN057,现金流量表,Tesla Cash Flow Statement | Apple Cash Flow Statement,4,3,TB_FIN_04_Tesla_10K_64_1;T_FIN_04_Tesla_10K_64_1;TB_FIN_03_Apple_10K_36_1;TB_FIN_03_Apple_10K_36_2,51;64;36,"Tesla Cash Flow Statement -> FIN_04_Tesla_10K:p51,64:TB_FIN_04_Tesla_10K_64_1,T_FIN_04_Tesla_10K_64_1 || Apple Cash Flow Statement -> FIN_03_Apple_10K:p36:TB_FIN_03_Apple_10K_36_1,TB_FIN_03_Apple_10K_36_2"
FIN058,分部收入表 + 业务表,Tesla Segment Table | NVIDIA Segment Revenue | Microsoft Cloud Revenue,6,13,TB_FIN_04_Tesla_10K_110_1;TB_FIN_04_Tesla_10K_110_2;T_FIN_01_NVIDIA_10K_80_3;T_FIN_01_NVIDIA_10K_79_3;TB_FIN_02_Microsoft_Annual_Report_71_1;T_FIN_02_Microsoft_Annual_Report_23_1,44;46;59;66;110;79;80;81;22;23;24;25;71,"Tesla Segment Table -> FIN_04_Tesla_10K:p44,46,59,66,110:TB_FIN_04_Tesla_10K_110_1,TB_FIN_04_Tesla_10K_110_2 || NVIDIA Segment Revenue -> FIN_01_NVIDIA_10K:p79,80,81:T_FIN_01_NVIDIA_10K_80_3,T_FIN_01_NVIDIA_10K_79_3 || Microsoft Cloud Revenue -> FIN_02_Microsoft_Annual_Report:p22,23,24,25,71:TB_FIN_02_Microsoft_Annual_Report_71_1,T_FIN_02_Microsoft_Annual_Report_23_1"
